localP2,C-Satsuki,2,localP1,C-Len,0,1726719232
localP2,C-Satsuki,2,localP1,C-Len,0,1726719313
localP2,C-Satsuki,2,localP1,C-Len,0,1726719406
localP2,C-Satsuki,2,localP1,C-Len,0,1726719509
localP2,C-Satsuki,2,localP1,C-Tohno,0,1726719600
localP2,C-Satsuki,2,localP1,C-Tohno,0,1726719670
73.103.86.171,C-Satsuki,0,75.74.151.187,F-Tohno,2,1726720542
73.103.86.171,C-Satsuki,0,75.74.151.187,F-Tohno,2,1726720633
73.103.86.171,C-Satsuki,0,F-Moon Player,F-Arc,2,1726721602
73.103.86.171,C-Satsuki,0,F-Moon Player,F-Arc,2,1726721701
73.103.86.171,C-Satsuki,0,F-Moon Player,F-Arc,2,1726721804
73.103.86.171,C-Satsuki,0,F-Moon Player,F-Arc,2,1726721899
73.103.86.171,C-Satsuki,0,F-Moon Player,F-Arc,2,1726721982
73.103.86.171,C-Satsuki,0,F-Moon Player,F-Arc,2,1726722074
73.103.86.171,C-Satsuki,0,F-Moon Player,F-Arc,2,1726722163
73.103.86.171,C-Satsuki,0,F-Moon Player,F-Arc,2,1726722254
73.103.86.171,C-Satsuki,0,F-Moon Player,F-Arc,2,1726722349
73.103.86.171,C-Satsuki,0,F-Moon Player,F-Arc,2,1726722425
